2.973,10.0,20.0,40.0,10.0,20.0,40.0,10.0,20.0,40.0,10.0,20.0,40.0
3.002,10.0,20.0,40.0,10.02,20.012001,40.012,10.000024,20.000015,40.000015,10.000018,20.000011,40.00001
3.022,10.000042,20.000025,40.000027,10.220001,20.132,40.132,10.002895,20.001738,40.001736,10.002178,20.001307,40.00131
3.042,10.000293,20.000175,40.000175,10.42,20.252,40.252,10.010525,20.006315,40.006313,10.007938,20.004763,40.004765
3.063,10.000981,20.00059,40.000587,10.629999,20.378,40.378,10.023614,20.014168,40.014168,10.01786,20.010715,40.010715
3.085,10.002395,20.001436,40.00144,10.85,20.51,40.510002,10.042859,20.025715,40.025715,10.032513,20.019508,40.01951
3.105,10.004486,20.002691,40.002693,11.05,20.630001,40.63,10.065224,20.039135,40.039135,10.049612,20.029768,40.029766
3.125,10.007523,20.004513,40.004513,11.25,20.75,40.75,10.092188,20.055313,40.055313,10.0703125,20.042187,40.042187
3.145,10.01167,20.007002,40.007004,11.45,20.869999,40.87,10.123711,20.074226,40.074226,10.094612,20.056768,40.056767
3.165,10.017091,20.010254,40.010254,11.65,20.99,40.989998,10.159757,20.095854,40.09585,10.122513,20.073507,40.07351
3.185,10.023942,20.014364,40.014366,11.849999,21.11,41.11,10.200285,20.12017,40.12017,10.154013,20.092407,40.092407
3.208,10.033787,20.020271,40.02027,12.08,21.248,41.248,10.252385,20.15143,40.151432,10.194688,20.116814,40.116814
3.229,10.044796,20.026878,40.02688,12.290001,21.374,41.374,10.305039,20.183023,40.18302,10.235985,20.14159,40.14159
3.256,10.06206,20.037237,40.037235,12.56,21.536,41.536,10.379794,20.227877,40.227875,10.294912,20.176947,40.17695
3.276,10.077289,20.046373,40.04637,12.76,21.656,41.656,10.440236,20.264141,40.26414,10.3427925,20.205675,40.205677
3.296,10.094744,20.056847,40.056847,12.96,21.776001,41.776,10.504949,20.302969,40.30297,10.394272,20.236563,40.236565
3.317,10.115609,20.069366,40.069366,13.169999,21.902,41.902,10.57745,20.34647,40.34647,10.4522,20.27132,40.27132
3.337,10.138031,20.082819,40.082817,13.369999,22.022,42.022,10.650795,20.390478,40.390476,10.51106,20.306637,40.306637
3.356,10.161747,20.097048,40.09705,13.559999,22.136,42.136,10.724321,20.434593,40.434593,10.570312,20.342188,40.342186
3.376,10.189366,20.113619,40.11362,13.759999,22.256,42.256,10.80573,20.483438,40.483437,10.636191,20.381716,40.381714
3.396,10.219822,20.131893,40.131893,13.959999,22.376,42.376,10.891216,20.534729,40.53473,10.705671,20.423403,40.423405
3.419,10.258493,20.155096,40.155098,14.189999,22.514,42.514,10.994517,20.59671,40.59671,10.790024,20.474014,40.474014
3.441,10.299278,20.179567,40.179565,14.41,22.646,42.646,11.098273,20.658964,40.658962,10.875164,20.525099,40.525097
3.464,10.346031,20.207619,40.20762,14.639999,22.784,42.784,11.211858,20.727116,40.727116,10.968832,20.581299,40.5813
3.485,10.392515,20.23551,40.235508,14.849998,22.91,42.91,11.320082,20.79205,40.79205,11.058512,20.635107,40.63511
3.505,10.440259,20.264154,40.264156,15.050001,23.03,43.03,11.42712,20.856272,40.856274,11.147614,20.688568,40.68857
3.527,10.496795,20.298077,40.298077,15.2699995,23.161999,43.162,11.549283,20.92957,40.92957,11.249781,20.749868,40.749866
3.548,10.554792,20.332874,40.332874,15.480001,23.288,43.288002,11.670172,21.002102,41.0021,11.351369,20.810822,40.81082
3.574,10.632193,20.379316,40.379314,15.739999,23.444,43.444,11.82556,21.095337,41.095337,11.482641,20.889585,40.889584
3.595,10.699338,20.419603,40.4196,15.950001,23.57,43.57,11.955634,21.17338,41.17338,11.593113,20.955868,40.955868
3.622,10.79189,20.475134,40.475136,16.22,23.732,43.732,12.128791,21.277275,41.277275,11.740978,21.044586,41.044586
3.644,10.872587,20.523552,40.523552,16.44,23.864,43.864,12.274744,21.364847,41.364845,11.866312,21.119787,41.11979
3.666,10.958121,20.574873,40.57487,16.66,23.995998,43.996,12.425009,21.455006,41.455006,11.996001,21.197601,41.1976
3.687,11.044356,20.626614,40.626614,16.869999,24.122,44.122,12.57242,21.543451,41.543453,12.12386,21.274317,41.274315
3.708,11.1351385,20.681084,40.681084,17.079998,24.248,44.248,12.723667,21.634201,41.6342,12.255688,21.353413,41.353413
3.73,11.23519,20.741114,40.741116,17.3,24.380001,44.38,12.886187,21.731712,41.731712,12.39805,21.43883,41.43883
3.751,11.335476,20.801285,40.801285,17.509998,24.506,44.506,13.045154,21.827091,41.82709,12.538004,21.522802,41.5228
3.773,11.445606,20.867363,40.867363,17.73,24.638,44.638,13.215662,21.929398,41.929398,12.688881,21.613329,41.613327
3.793,11.550273,20.930164,40.930164,17.93,24.758,44.758,13.374152,22.02449,42.02449,12.829821,21.697893,41.69789
3.813,11.659312,20.995588,40.995586,18.130001,24.878,44.878,13.535919,22.121552,42.12155,12.97436,21.784616,41.784615
3.833,11.772762,21.063658,41.063656,18.33,24.998,44.998,13.700926,22.220556,42.220554,13.1225,21.8735,41.8735
3.853,11.890656,21.134394,41.134396,18.529999,25.118,45.118,13.869133,22.32148,42.32148,13.2742405,21.964544,41.964542
3.873,12.013024,21.207815,41.207813,18.73,25.237999,45.238,14.040503,22.424301,42.4243,13.429579,22.057747,42.057747
3.893,12.1398945,21.283936,41.283936,18.93,25.358,45.357998,14.214996,22.528997,42.529,13.58852,22.153112,42.15311
3.913,12.271291,21.362774,41.362774,19.130001,25.478,45.478,14.392576,22.635546,42.635544,13.751061,22.250637,42.250637
3.933,12.407234,21.44434,41.44434,19.330002,25.598,45.598,14.573202,22.743921,42.74392,13.917201,22.35032,42.35032
3.953,12.547744,21.528646,41.52865,19.53,25.718,45.718002,14.756836,22.854101,42.854103,14.086941,22.452164,42.452164
3.975,12.707596,21.624557,41.624557,19.75,25.849998,45.85,14.962261,22.977356,42.977356,14.277811,22.566687,42.56669
3.995,12.857742,21.714645,41.714645,19.949999,25.97,45.97,15.152088,23.091253,43.091255,14.455111,22.673067,42.673065
4.015,13.012495,21.807497,41.8075,20.149998,26.09,46.09,15.344806,23.206882,43.206882,14.636011,22.781607,42.78161
4.035,13.171861,21.903116,41.903114,20.349998,26.21,46.21,15.540375,23.324224,43.324226,14.820511,22.892307,42.892307
4.055,13.335843,22.001505,42.001507,20.55,26.329998,46.329998,15.738754,23.443253,43.443253,15.008611,23.005167,43.005165
4.077,13.52156,22.112936,42.112934,20.77,26.462002,46.462,15.96018,23.576109,43.576107,15.219682,23.13181,43.13181
4.097,13.69524,22.217144,42.217144,20.970001,26.582,46.582,16.164343,23.698606,43.698605,15.415341,23.249205,43.249207
4.117,13.873533,22.32412,42.32412,21.170002,26.702,46.702,16.3712,23.82272,43.82272,15.614601,23.368761,43.36876
4.136,14.047179,22.428307,42.428307,21.36,26.816002,46.816,16.570175,23.942104,43.942104,15.807234,23.48434,43.48434
4.156,14.234446,22.540668,42.54067,21.560001,26.936,46.936,16.782173,24.069305,44.069305,16.013514,23.608109,43.60811
4.177,14.436012,22.661608,42.661606,21.77,27.062,47.062,17.00755,24.204529,44.20453,16.23398,23.740389,43.740387
4.199,14.652582,22.79155,42.79155,21.989998,27.194,47.194,17.246658,24.347994,44.347996,16.469204,23.881523,43.881523
4.221,14.874666,22.924799,42.9248,22.210003,27.326,47.326,17.488794,24.493277,44.49328,16.708786,24.025272,44.025272
4.24,15.070873,23.042524,43.042522,22.399998,27.439999,47.44,17.700298,24.620178,44.62018,16.919197,24.15152,44.15152
4.26,15.281814,23.169088,43.169086,22.600002,27.560001,47.56,17.9253,24.75518,44.75518,17.144203,24.286522,44.286522
4.281,15.508125,23.304874,43.304874,22.810001,27.686,47.686,18.164108,24.898466,44.898464,17.384325,24.430595,44.430595
4.304,15.76163,23.456978,43.456978,23.039999,27.824,47.823997,18.42862,25.057173,45.05717,17.65187,24.591122,44.59112
4.324,15.986831,23.592098,43.5921,23.239998,27.944,47.944,18.661102,25.196663,45.196663,17.888391,24.733034,44.733036
4.343,16.204844,23.722906,43.722908,23.43,28.057999,48.058,18.884052,25.330433,45.330433,18.11642,24.869852,44.86985
4.364,16.450386,23.870232,43.87023,23.64,28.183998,48.184,19.132801,25.479681,45.47968,18.37223,25.023338,45.02334
4.385,16.700703,24.02042,44.02042,23.850002,28.310001,48.31,19.383959,25.630375,45.630375,18.632015,25.179209,45.179207
4.404,16.931244,24.158747,44.158745,24.039997,28.424,48.424,19.613224,25.767933,45.767933,18.870468,25.32228,45.32228
4.424,17.17807,24.30684,44.306843,24.239998,28.543999,48.544,19.856613,25.913967,45.913967,19.124989,25.474995,45.474995
4.444,17.4291,24.457458,44.45746,24.439997,28.663998,48.663998,20.102062,26.061237,46.061237,19.383108,25.629864,45.629864
4.465,17.69717,24.618301,44.6183,24.650002,28.79,48.79,20.361977,26.217186,46.217186,19.658016,25.79481,45.794807
4.485,17.956688,24.774014,44.774014,24.850002,28.91,48.91,20.611546,26.366926,46.36693,19.923515,25.95411,45.95411
4.505,18.22028,24.932167,44.932167,25.050001,29.03,49.03,20.86306,26.517838,46.517838,20.192616,26.11557,46.11557
4.527,18.514862,25.108917,45.108917,25.27,29.161999,49.162,21.141933,26.68516,46.685158,20.492779,26.295668,46.29567
4.547,18.786833,25.272099,45.2721,25.47,29.282,49.281998,21.397419,26.838451,46.83845,20.76944,26.461664,46.461662
4.567,19.06271,25.437626,45.437626,25.669998,29.402,49.402,21.654732,26.99284,46.99284,21.049698,26.629818,46.629818
4.588,19.35653,25.613918,45.61392,25.879997,29.528,49.528,21.926838,27.156103,47.1561,21.347843,26.808706,46.80871
4.609,19.654541,25.792725,45.792725,26.090002,29.654001,49.654,22.200882,27.32053,47.32053,21.649967,26.98998,46.989983
4.63,19.95666,25.973995,45.973995,26.300001,29.78,49.78,22.476803,27.486082,47.486084,21.956053,27.173632,47.17363
4.65,20.248156,26.148893,46.14889,26.5,29.900002,49.9,22.7413,27.64478,47.64478,22.251251,27.35075,47.35075
4.67,20.543262,26.325958,46.32596,26.7,30.02,50.02,23.007431,27.804459,47.80446,22.550003,27.530003,47.530003
4.691,20.856934,26.51416,46.51416,26.91,30.146,50.146,23.288582,27.973148,47.97315,22.865002,27.719002,47.719
4.712,21.174438,26.704664,46.704662,27.119999,30.272,50.272,23.571442,28.142864,48.142864,23.18,27.908,47.908
4.734,21.511093,26.906656,46.906654,27.340002,30.404001,50.404,23.869566,28.32174,48.32174,23.51,28.106,48.106003
4.757,21.867355,27.120415,47.120415,27.57,30.542,50.542,24.183136,28.509882,48.50988,23.855,28.313,48.313
4.778,22.196396,27.317837,47.317837,27.779999,30.668,50.668,24.471092,28.682655,48.682655,24.169998,28.501999,48.502
4.799,22.528938,27.517365,47.517365,27.989998,30.793999,50.794,24.760574,28.856346,48.856346,24.484997,28.690998,48.690998
4.819,22.848831,27.709297,47.709297,28.189999,30.913998,50.913998,25.037655,29.022593,49.02259,24.784998,28.870998,48.871
4.84,23.187973,27.912783,47.912785,28.400002,31.04,51.04,25.329998,29.197998,49.197998,25.100002,29.060001,49.06
4.861,23.530357,28.118214,48.118214,28.61,31.166,51.166,25.623734,29.37424,49.37424,25.415,29.249,49.249
4.881,23.85938,28.315628,48.315628,28.810001,31.286,51.286,25.904743,29.542847,49.542847,25.715004,29.429,49.429
4.901,24.191193,28.514717,48.514717,29.01,31.406,51.406,26.186935,29.712162,49.712162,26.015,29.609,49.609
4.922,24.542507,28.725504,48.725502,29.22,31.532,51.531998,26.484478,29.890686,49.890686,26.329998,29.797998,49.797997
4.942,24.879787,28.927872,48.92787,29.42,31.652,51.652,26.768993,30.061396,50.061394,26.63,29.978,49.978
4.963,25.23667,29.142002,49.142002,29.63,31.778,51.778,27.06888,30.24133,50.24133,26.944998,30.167,50.167
4.984,25.596266,29.35776,49.357758,29.840002,31.904001,51.904,27.369915,30.421947,50.421947,27.260002,30.356003,50.356003
5.008,26.010422,29.606253,49.606255,30.079998,32.048,52.048,27.715275,30.629166,50.629166,27.619997,30.571999,50.572
5.029,26.375498,29.825298,49.8253,30.289997,32.174,52.174,28.018585,30.811152,50.81115,27.934996,30.760998,50.760998
5.052,26.778097,30.06686,50.06686,30.52,32.312,52.312,28.351933,31.01116,51.01116,28.279999,30.967999,50.968
5.07,27.095104,30.257061,50.25706,30.7,32.420002,52.420002,28.61361,31.168167,51.168167,28.550003,31.130001,51.13
5.089,27.43148,30.458889,50.45889,30.890001,32.534,52.534,28.890545,31.334328,51.334328,28.835003,31.301003,51.301003
5.107,27.751745,30.651047,50.651047,31.07,32.642,52.642,29.153557,31.492134,51.492134,29.105,31.463,51.462997
5.125,28.073507,30.844105,50.844105,31.25,32.75,52.75,29.417187,31.650312,51.650314,29.375002,31.625002,51.625
5.144,28.414692,31.048815,51.048813,31.44,32.864,52.864,29.696093,31.817656,51.817657,29.660002,31.796001,51.796
5.163,28.757383,31.254429,51.25443,31.630001,32.978,52.978,29.975618,31.98537,51.98537,29.945002,31.967001,51.967003
5.183,29.11966,31.471794,51.471794,31.830002,33.098,53.098,30.270487,32.162292,52.162292,30.245003,32.147003,52.147003
5.202,29.465204,31.679123,51.679123,32.020004,33.212,53.212,30.551172,32.330704,52.330704,30.530003,32.318,52.318
5.222,29.830307,31.898186,51.898186,32.22,33.332,53.332,30.847189,32.508316,52.508316,30.83,32.498,52.498
5.243,30.215092,32.129055,52.129055,32.43,33.458,53.458,31.158579,32.69515,52.69515,31.144999,32.686996,52.686996
5.264,30.601215,32.36073,52.36073,32.64,33.584,53.584,31.470514,32.88231,52.88231,31.459997,32.876,52.876
5.285,30.988577,32.593147,52.593147,32.85,33.71,53.71,31.78295,33.06977,53.06977,31.774996,33.064995,53.064995
5.306,31.377077,32.82625,52.82625,33.060005,33.836002,53.836002,32.095848,33.257507,53.257507,32.090004,33.254005,53.254005
5.327,31.76659,33.059956,53.059956,33.270004,33.962,53.962,32.409145,33.445488,53.445488,32.405006,33.443,53.443
5.348,32.157013,33.29421,53.29421,33.480003,34.088,54.088,32.72281,33.633686,53.633686,32.72,33.632004,53.632004
5.368,32.529594,33.517757,53.517757,33.68,34.208,54.208,33.021843,33.813103,53.813103,33.019997,33.812,53.812
5.388,32.902813,33.741688,53.741688,33.88,34.328,54.328,33.321125,33.992676,53.992676,33.32,33.992,53.992
5.407,33.25786,33.954716,53.954716,34.07,34.442,54.442,33.605644,34.163387,54.163387,33.605003,34.163002,54.163002
5.425,33.594593,34.156757,54.156757,34.25,34.550003,54.550003,33.875343,34.325203,54.325203,33.875004,34.325005,54.325005
5.443,33.931618,34.35897,54.35897,34.43,34.657997,54.657997,34.14514,34.487087,54.487087,34.144997,34.487,54.487
5.462,34.287605,34.572563,54.572563,34.62,34.772,54.772,34.430042,34.658028,54.658028,34.43,34.658,54.658
5.48,34.625015,34.77501,54.77501,34.8,34.88,54.88,34.700005,34.820004,54.820004,34.699997,34.82,54.82
5.501,35.018745,35.011246,55.011246,35.01,35.006,55.006,35.014996,35.009,55.009,35.014996,35.009,55.009
5.519,35.35624,35.213745,55.213745,35.190002,35.114002,55.114002,35.285,35.170998,55.170998,35.285004,35.171,55.171
5.538,35.71239,35.427437,55.427437,35.38,35.228,55.228,35.569958,35.341972,55.341972,35.57,35.342,55.342
5.556,36.04966,35.6298,55.6298,35.560005,35.336002,55.336002,35.839867,35.50392,55.50392,35.840004,35.504005,55.504005
5.575,36.405407,35.843243,55.843243,35.75,35.45,55.45,36.124664,35.674797,55.674797,36.125,35.675,55.675
5.593,36.742134,36.04528,56.04528,35.93,35.558,55.558,36.394356,35.836613,55.836613,36.394997,35.836998,55.836998
5.611,37.078514,36.24711,56.24711,36.11,35.666,55.666,36.663906,35.998344,55.998344,36.665,35.999,55.999
5.629,37.41446,36.448677,56.448677,36.29,35.774002,55.774002,36.93329,36.159973,56.159973,36.935005,36.161003,56.161003
5.648,37.76851,36.661106,56.661106,36.479996,35.888,55.888,37.217407,36.330444,56.330444,37.22,36.332,56.332
5.666,38.103363,36.86202,56.86202,36.659996,35.996,55.996,37.486336,36.491802,56.491802,37.489998,36.493996,56.493996
5.685,38.45611,37.07366,57.07366,36.85,36.11,56.11,37.769936,36.66196,56.66196,37.775,36.665,56.665
5.703,38.789562,37.273735,57.273735,37.03,36.218002,56.218002,38.038307,36.822983,56.822983,38.045,36.827,56.827
5.721,39.122215,37.473328,57.473328,37.210003,36.326004,56.326004,38.306374,36.98382,56.98382,38.315002,36.989002,56.989002
5.742,39.50924,37.705544,57.705544,37.420002,36.452003,56.452003,38.618664,37.171196,57.171196,38.630005,37.178,57.178
5.761,39.858315,37.91499,57.91499,37.61,36.566,56.566,38.90078,37.34047,57.34047,38.915,37.349,57.349
5.78,40.20626,38.123756,58.123756,37.800003,36.68,56.68,39.182446,37.509468,57.509468,39.200005,37.520004,57.520004
5.799,40.553017,38.33181,58.33181,37.989998,36.794,56.794,39.463615,37.67817,57.67817,39.485,37.691,57.691
5.819,40.916634,38.54998,58.54998,38.19,36.914,56.914,39.759033,37.85542,57.85542,39.784996,37.871,57.871
5.838,41.260685,38.75641,58.75641,38.379997,37.028,57.028,40.039104,38.02346,58.02346,40.069996,38.041996,58.041996
5.861,41.675243,39.005146,59.005146,38.61,37.166,57.166,40.377365,38.226418,58.226418,40.415,38.249,58.249
5.879,41.998123,39.198875,59.198875,38.79,37.274002,57.274002,40.641457,38.384872,58.384872,40.685005,38.411003,58.411003
5.898,42.33736,39.402416,59.402416,38.98,37.388,57.388,40.919563,38.55174,58.55174,40.969997,38.582,58.582
5.919,42.71037,39.62622,59.62622,39.190002,37.514,57.514,41.22615,38.73569,58.73569,41.285,38.771,58.771
5.94,43.081215,39.848732,59.848732,39.4,37.64,57.64,41.531853,38.919113,58.919113,41.6,38.96,58.96
5.961,43.449806,40.069885,60.069885,39.61,37.766,57.766,41.83662,39.101974,59.101974,41.914997,39.149,59.149
5.981,43.798653,40.27919,60.27919,39.809998,37.886,57.886,42.12597,39.27558,59.27558,42.215,39.329,59.329
6.003,44.179813,40.50789,60.50789,40.03,38.017998,58.017998,42.44319,39.46591,59.46591,42.544994,39.526997,59.526997
6.023,44.52389,40.714336,60.714336,40.229996,38.138,58.138,42.73055,39.63833,59.63833,42.844997,39.706997,59.706997
6.042,44.848553,40.909134,60.909134,40.42,38.252,58.252,43.00262,39.801575,59.801575,43.129997,39.878,59.878
6.061,45.170956,41.102573,61.102573,40.61,38.365997,58.365997,43.27375,39.96425,59.96425,43.414997,40.048996,60.048996
6.08,45.491077,41.294647,61.294647,40.8,38.48,58.48,43.543907,40.126343,60.126343,43.7,40.22,60.22
6.099,45.808815,41.48529,61.48529,40.989998,38.594,58.594,43.81306,40.287838,60.287838,43.984997,40.391,60.391
6.121,46.17364,41.704185,61.704185,41.21,38.725998,58.725998,44.123413,40.47405,60.47405,44.315,40.588997,60.588997
6.144,46.551468,41.930878,61.930878,41.440002,38.864,58.864,44.446327,40.667797,60.667797,44.660004,40.796,60.796
6.166,46.909275,42.145565,62.145565,41.66,38.996002,58.996002,44.753674,40.852203,60.852203,44.99,40.994,60.994
6.189,47.27949,42.367695,62.367695,41.89,39.134003,59.134003,45.07334,41.044006,61.044006,45.335003,41.201004,61.201004
6.212,47.645676,42.587402,62.587402,42.12,39.272,59.272,45.39124,41.23474,61.23474,45.679996,41.407997,61.407997
6.235,48.007717,42.80463,62.80463,42.350002,39.41,59.41,45.707348,41.424408,61.424408,46.025,41.614998,61.614998
6.259,48.380947,43.02857,63.02857,42.59,39.554,59.554,46.035202,41.621124,61.621124,46.385,41.831,61.831
6.282,48.734142,43.240486,63.240486,42.82,39.692,59.692,46.347435,41.80846,61.80846,46.730003,42.038002,62.038002
6.306,49.097935,43.458763,63.458763,43.06,39.836002,59.836002,46.671116,42.00267,62.00267,47.090004,42.254,62.254
6.329,49.441887,43.66513,63.66513,43.289997,39.974,59.974,46.979218,42.18753,62.18753,47.434998,42.461,62.461
6.351,49.766502,43.8599,63.8599,43.51,40.106,60.106,47.27197,42.363182,62.363182,47.763596,42.658157,62.658157
6.369,50.02885,44.01731,64.01731,43.69,40.214,60.214,47.510014,42.50601,62.50601,48.029274,42.817566,62.817566
6.387,50.288246,44.172947,64.17294,43.87,40.322,60.322,47.746704,42.64802,62.64802,48.292038,42.975224,62.975224
6.405,50.544598,44.32676,64.32676,44.050003,40.43,60.43,47.982025,42.789215,62.789215,48.55189,43.131134,63.131134
6.423,50.79791,44.478745,64.478745,44.23,40.538002,60.538002,48.215935,42.92956,62.92956,48.80882,43.285294,63.285294
6.442,51.061913,44.637146,64.637146,44.42,40.652,60.652,48.46128,43.076767,63.076767,49.07686,43.446114,63.446114
6.461,51.322414,44.79345,64.79345,44.61,40.766,60.766,48.704998,43.223,63.223,49.341656,43.604996,63.604996
6.48,51.57937,44.94762,64.94762,44.8,40.879997,60.879997,48.947044,43.368225,63.368225,49.6032,43.761917,63.761917
6.498,51.81952,45.091713,65.09171,44.980003,40.988,60.988,49.174793,43.504875,63.504875,49.847984,43.90879,63.90879
6.517,52.069454,45.241673,65.24167,45.170002,41.102,61.102,49.413498,43.6481,63.6481,50.1032,44.06192,64.06192
6.54,52.367054,45.42023,65.42023,45.4,41.239998,61.239998,49.70011,43.82007,63.82007,50.4078,44.244682,64.24468
6.557,52.58355,45.55013,65.550125,45.57,41.342003,61.342003,49.910255,43.94615,63.94615,50.629883,44.37793,64.37793
6.575,52.809475,45.685684,65.685684,45.75,41.449997,61.449997,50.131165,44.078697,64.0787,50.862186,44.51731,64.51731
6.593,53.031998,45.8192,65.8192,45.93,41.558,61.558,50.350395,44.210236,64.210236,51.09158,44.654945,64.654945
6.611,53.251083,45.950653,65.95065,46.11,41.666,61.666,50.56794,44.340767,64.34077,51.318058,44.790836,64.79083
6.63,53.478592,46.087154,66.08716,46.3,41.78,61.78,50.79568,44.47741,64.47741,51.55395,44.93237,64.93237
6.648,53.690502,46.214302,66.2143,46.479996,41.888,61.888,51.009636,44.60578,64.60578,51.77443,45.06466,65.06466
6.667,53.910374,46.346222,66.34622,46.67,42.002,62.002,51.23354,44.740124,64.74013,52.003998,45.2024,65.2024
6.686,54.12633,46.4758,66.4758,46.859997,42.115997,62.115997,51.45542,44.873253,64.87325,52.230316,45.33819,65.33819
6.709,54.38238,46.62943,66.629425,47.09,42.253998,62.253998,51.721268,45.03276,65.03276,52.499935,45.49996,65.49996
6.728,54.589466,46.753677,66.75368,47.280003,42.368004,62.368004,51.938557,45.16313,65.16313,52.719074,45.631447,65.63145
6.752,54.845272,46.90716,66.907166,47.519997,42.512,62.512,52.209988,45.325993,65.32599,52.99123,45.79474,65.79474
6.773,55.063805,47.038284,67.038284,47.729996,42.638,62.638,52.44465,45.46679,65.46679,53.225117,45.93507,65.935074
6.794,55.27733,47.166397,67.1664,47.940002,42.764,62.764,52.67662,45.605972,65.60597,53.45504,46.073025,66.07303
6.814,55.476067,47.28564,67.285645,48.140003,42.884003,62.884003,52.895,45.737,65.737,53.67032,46.202194,66.202194
6.834,55.670174,47.402107,67.40211,48.340004,43.004,63.004,53.11086,45.866516,65.866516,53.882,46.3292,66.3292
6.854,55.859753,47.515854,67.515854,48.54,43.124,63.124,53.324146,45.994488,65.99449,54.090076,46.45405,66.45405
6.873,56.03561,47.62137,67.62137,48.730003,43.238,63.238,53.52438,46.114628,66.114624,54.28442,46.570652,66.57065
6.893,56.216194,47.729717,67.72972,48.93,43.358,63.358,53.732567,46.23954,66.23954,54.48548,46.69129,66.69129
6.914,56.400864,47.840515,67.840515,49.14,43.484,63.484,53.948288,46.368973,66.36897,54.69272,46.81563,66.81563
6.935,56.58042,47.948254,67.94826,49.35,43.61,63.61,54.161015,46.496605,66.496605,54.89599,46.93759,66.93759
6.956,56.754913,48.052948,68.05295,49.559998,43.736,63.736,54.370697,46.62242,66.62242,55.095287,47.05717,67.057175
6.977,56.924294,48.154575,68.15457,49.77,43.862,63.862,54.577312,46.746387,66.74638,55.29062,47.17437,67.17437
6.996,57.07318,48.243908,68.24391,49.959995,43.975998,63.975998,54.76153,46.85692,66.85692,55.463924,47.278355,67.27835
7.016,57.225403,48.335243,68.33524,50.159996,44.096,64.096,54.95267,46.971603,66.9716,55.642845,47.385708,67.38571
7.037,57.380302,48.428185,68.428185,50.370003,44.222,64.222,55.150227,47.090134,67.09013,55.82684,47.496105,67.49611
7.057,57.523117,48.51387,68.51387,50.570004,44.342003,64.342,55.335365,47.201218,67.20122,55.998383,47.59903,67.59903
7.078,57.66811,48.60087,68.60087,50.780003,44.468002,64.468,55.526516,47.31591,67.31591,56.174625,47.704773,67.70477
7.098,57.80153,48.680916,68.680916,50.98,44.587997,64.588,55.705467,47.42328,67.42328,56.338783,47.80327,67.80327
7.117,57.924114,48.754467,68.75447,51.170002,44.702,64.701996,55.872635,47.523582,67.52358,56.491398,47.89484,67.89484
7.137,58.048737,48.82924,68.82924,51.370003,44.822,64.822,56.045578,47.627346,67.62735,56.64854,47.989124,67.98912
7.156,58.162937,48.897762,68.897766,51.56,44.936,64.936005,56.206963,47.72418,67.72418,56.79449,48.07669,68.07669
7.175,58.273132,48.963882,68.96388,51.75,45.050003,65.05,56.36546,47.819275,67.819275,56.937187,48.162315,68.162315
7.196,58.390316,49.03419,69.034195,51.96,45.176003,65.176,56.53728,47.922367,67.92236,57.09113,48.254677,68.25468
7.216,58.497345,49.098404,69.098404,52.16,45.296,65.296005,56.697582,48.018547,68.01855,57.23405,48.34043,68.34043
7.237,58.60511,49.163063,69.16306,52.37,45.422,65.422,56.862347,48.11741,68.11741,57.380238,48.428143,68.42815
7.257,58.703278,49.221966,69.22197,52.57,45.542,65.542,57.01584,48.209503,68.2095,57.51578,48.509468,68.50947
7.276,58.792614,49.275566,69.275566,52.76,45.656,65.656,57.158546,48.295128,68.29513,57.64121,48.584724,68.584724
7.297,58.886894,49.332138,69.33214,52.969997,45.781998,65.782,57.31269,48.38761,68.38761,57.77606,48.665634,68.665634
7.317,58.972416,49.38345,69.38345,53.17,45.902,65.902,57.45596,48.473576,68.47357,57.9008,48.74048,68.74048
7.337,59.05385,49.43231,69.43231,53.37,46.022,66.022,57.595734,48.55744,68.55744,58.02194,48.813164,68.81316
7.357,59.131214,49.47873,69.47873,53.57,46.142,66.142,57.73199,48.639194,68.63919,58.13948,48.88369,68.88369
7.378,59.20814,49.524883,69.52489,53.78,46.267998,66.268,57.87121,48.722725,68.722725,58.259018,48.955414,68.955414
7.399,59.280716,49.568428,69.56843,53.99,46.394,66.394,58.006462,48.80388,68.80388,58.374596,49.024757,69.02476
7.421,59.35217,49.6113,69.6113,54.21,46.526,66.526,58.143845,48.886307,68.88631,58.491417,49.09485,69.09485
7.441,59.413254,49.64795,69.64795,54.41,46.646,66.645996,58.264862,48.958916,68.958916,58.593834,49.1563,69.156296
7.461,59.470543,49.682327,69.68233,54.61,46.766,66.766,58.382145,49.02929,69.02929,58.692657,49.21559,69.21559
7.481,59.524246,49.714546,69.71455,54.81,46.886,66.886,58.495667,49.0974,69.0974,58.787872,49.272724,69.27272
7.5,59.572014,49.74321,69.74321,55.0,47.0,67.0,58.6,49.16,69.16,58.875,49.324997,69.325
7.522,59.623344,49.77401,69.77401,55.22,47.132,67.132,58.716473,49.229885,69.22989,58.971825,49.383095,69.383095
7.545,59.672783,49.80367,69.803665,55.45,47.27,67.270004,58.83321,49.299927,69.29993,59.06839,49.441032,69.44103
7.564,59.71032,49.826195,69.826195,55.64,47.384003,67.384,58.925735,49.35544,69.35544,59.14457,49.48674,69.48674
7.585,59.748516,49.84911,69.849106,55.85,47.510002,67.51,59.023827,49.414295,69.41429,59.224987,49.534992,69.53499
7.606,59.783348,49.87001,69.87001,56.059998,47.636,67.636,59.11751,49.470505,69.470505,59.301437,49.580864,69.580864
7.632,59.822,49.893196,69.893196,56.32,47.792,67.792,59.227314,49.53639,69.53639,59.390594,49.634354,69.63435
7.652,59.84851,49.909103,69.9091,56.52,47.912003,67.912,59.307083,49.58425,69.58425,59.455032,49.67302,69.67302
7.675,59.875786,49.92547,69.92547,56.750004,48.050003,68.05,59.39372,49.63623,69.63623,59.52469,49.714813,69.71481
7.699,59.90053,49.94032,69.94032,56.989998,48.194,68.194,59.478203,49.68692,69.68692,59.592297,49.75538,69.75538
7.725,59.923515,49.95411,69.95411,57.25,48.35,68.35,59.56289,49.737732,69.73773,59.659687,49.795815,69.795815
7.749,59.941444,49.964867,69.96487,57.49,48.494,68.494,59.63464,49.780785,69.780785,59.716496,49.8299,69.829895
7.773,59.95632,49.973793,69.97379,57.73,48.638,68.638,59.700188,49.820114,69.820114,59.76812,49.86087,69.86087
7.797,59.96855,49.981133,69.98113,57.97,48.781998,68.782,59.75944,49.855667,69.85567,59.81456,49.888733,69.88873
7.816,59.976444,49.985867,69.98587,58.16,48.896,68.895996,59.801846,49.881107,69.8811,59.84765,49.90859,69.908585
7.835,59.98293,49.989758,69.98976,58.35,49.010002,69.01,59.840237,49.90414,69.904144,59.877487,49.92649,69.92649
7.855,59.98832,49.99299,69.99299,58.55,49.13,69.130005,59.87629,49.925774,69.92577,59.905388,49.94323,69.94323
7.875,59.99254,49.99552,69.99552,58.75,49.25,69.25,59.90782,49.944695,69.944695,59.929688,49.957813,69.95781
7.893,59.99523,49.99714,69.99714,58.93,49.358,69.358,59.93228,49.95937,69.959366,59.948483,49.969086,69.969086
7.911,59.997307,49.998383,69.99838,59.109997,49.466,69.466,59.953033,49.971817,69.97182,59.964355,49.978615,69.978615
7.929,59.99862,49.99917,69.99917,59.289997,49.573997,69.574,59.970043,49.982025,69.982025,59.977314,49.98639,69.98639
7.947,59.999382,49.999626,69.999626,59.47,49.682,69.682,59.98327,49.98996,69.98996,59.987362,49.992416,69.99242
7.965,59.999855,49.999916,69.999916,59.65,49.79,69.79,59.99268,49.99561,69.995605,59.994488,49.996693,69.99669
7.983,60.0,50.0,70.0,59.829998,49.898,69.897995,59.998272,49.998962,69.99896,59.9987,49.99922,69.99922
8.002,60.0,50.0,70.0,60.0,50.0,70.0,60.0,50.0,70.0,60.0,50.0,70.0
